{"task": "boston", "mtnet_reg": {"rmse_mean": 3.0385076664379516, "rmse_std": 0.20372289768631885, "nll_mean": 2.3114681067732628, "nll_std": 0.039656998296421504}}