{"task": "concrete", "mtnet_reg": {"rmse_mean": 5.604814910398823, "rmse_std": 0.16706560261217918, "nll_mean": 2.971414551800715, "nll_std": 0.02976932606009124}}