{"task": "energy", "mtnet_reg": {"rmse_mean": 2.0375326792773207, "rmse_std": 0.06550249533210656, "nll_mean": 1.1754649915745201, "nll_std": 0.04848639144715393}}