{"task": "kin8nm", "mtnet_reg": {"rmse_mean": 0.08189458357003056, "rmse_std": 0.0006910369568113152, "nll_mean": -1.188483015389394, "nll_std": 0.006822525191299576}}