{"task": "navel", "mtnet_reg": {"rmse_mean": 0.0009144046749878587, "rmse_std": 5.017973122077922e-05, "nll_mean": -5.9652681862811, "nll_std": 0.028346717403121564}}