{"task": "power", "mtnet_reg": {"rmse_mean": 4.029725487121996, "rmse_std": 0.039905282979601366, "nll_mean": 2.7533627910856824, "nll_std": 0.00801194206449599}}