{"task": "protein", "mtnet_reg": {"rmse_mean": 4.726783028887179, "rmse_std": 0.07024483364298212, "nll_mean": 2.6441483628413116, "nll_std": 0.027787406492484082}}