{"task": "wine", "mtnet_reg": {"rmse_mean": 0.6261914956794459, "rmse_std": 0.009046322117323693, "nll_mean": 0.8662349832311996, "nll_std": 0.0173305386245696}}