{"task": "yacht", "mtnet_reg": {"rmse_mean": 0.8975222791597451, "rmse_std": 0.06628011941372923, "nll_mean": 0.6898909060135464, "nll_std": 0.03515476058904653}}